{
    "screenMode": 0,
    "masterVolume": -5.986392498016357,
    "bgmVolume": -6.089421272277832,
    "sfxVolume": -5.424579620361328
}