{
    "screenMode": 0,
    "masterVolume": -2.2292981147766115,
    "bgmVolume": -1.6504323482513428,
    "sfxVolume": -0.25938141345977785
}