{
    "screenMode": 0,
    "masterVolume": -4.060621738433838,
    "bgmVolume": -4.001302242279053,
    "sfxVolume": -3.9642868041992189
}